[
  {
    "_id": "67b5d1d3965831513a85d8be",
    "itemCode": "100",
    "title": "Ventilator",
    "description": "A medical device that supports or takes over breathing for patients with respiratory failure.",
    "category": "Equipment",
    "abcCategory": "C",
    "minStockLevel": 3,
    "maxStockLevel": 25,
    "createdBy": "67b1fdb293bfc8e17f896b31",
    "status": "active",
    "createdAt": "2025-02-19T12:42:59.839Z"
  },
  {
    "_id": "67b5d1d3965831513a85d8bf",
    "itemCode": "101",
    "title": "X-Ray-Machine",
    "description": "A diagnostic tool that uses radiation to create images of bones and internal structures.",
    "category": "Equipment",
    "abcCategory": "C",
    "minStockLevel": 1,
    "maxStockLevel": 10,
    "createdBy": "67b1fdb293bfc8e17f896b31",
    "status": "active",
    "createdAt": "2025-02-19T12:42:59.839Z"
  },
  {
    "_id": "67b5d1d3965831513a85d8c0",
    "itemCode": "102",
    "title": "Defibrilator",
    "description": "A life-saving device that delivers electric shocks to restore normal heart rhythms in cardiac arrest patients.",
    "category": "Equipment",
    "abcCategory": "C",
    "minStockLevel": 1,
    "maxStockLevel": 8,
    "createdBy": "67b1fdb293bfc8e17f896b31",
    "status": "active",
    "createdAt": "2025-02-19T12:42:59.839Z"
  },
  {
    "_id": "67b5d1d3965831513a85d8c1",
    "itemCode": "103",
    "title": "Wheelchair",
    "description": "A mobility aid designed to assist patients with limited or no ability to walk.",
    "category": "Equipment",
    "abcCategory": "C",
    "minStockLevel": 5,
    "maxStockLevel": 30,
    "createdBy": "67b1fdb293bfc8e17f896b31",
    "status": "active",
    "createdAt": "2025-02-19T12:42:59.839Z"
  },
  {
    "_id": "67b5d1d3965831513a85d8c2",
    "itemCode": "104",
    "title": "Hospital Bed",
    "description": "An adjustable bed designed for patient care, enhancing comfort and accessibility in medical settings.",
    "category": "Equipment",
    "abcCategory": "C",
    "minStockLevel": 25,
    "maxStockLevel": 150,
    "createdBy": "67b1fdb293bfc8e17f896b31",
    "status": "active",
    "createdAt": "2025-02-19T12:42:59.839Z"
  },
  {
    "_id": "67b5d1d3965831513a85d8c3",
    "itemCode": "105",
    "title": "ECG Machine",
    "description": "A device that records the heart’s electrical activity to detect irregularities and cardiac conditions.",
    "category": "Equipment",
    "abcCategory": "C",
    "minStockLevel": 2,
    "maxStockLevel": 10,
    "createdBy": "67b1fdb293bfc8e17f896b31",
    "status": "active",
    "createdAt": "2025-02-19T12:42:59.839Z"
  },
  {
    "_id": "67b5d1d3965831513a85d8c4",
    "itemCode": "106",
    "title": "MRI Scanner",
    "description": "An imaging system that uses magnetic fields and radio waves to create detailed images of internal organs.",
    "category": "Equipment",
    "abcCategory": "C",
    "minStockLevel": 1,
    "maxStockLevel": 2,
    "createdBy": "67b1fdb293bfc8e17f896b31",
    "status": "active",
    "createdAt": "2025-02-19T12:42:59.839Z"
  },
  {
    "_id": "67b5d1d3965831513a85d8c5",
    "itemCode": "107",
    "title": "Infusion Pump",
    "description": "A device that precisely delivers fluids, medications, or nutrients into a patient’s bloodstream.",
    "category": "Equipment",
    "abcCategory": "C",
    "minStockLevel": 3,
    "maxStockLevel": 15,
    "createdBy": "67b1fdb293bfc8e17f896b31",
    "status": "active",
    "createdAt": "2025-02-19T12:42:59.839Z"
  },
  {
    "_id": "67b5d1d3965831513a85d8c6",
    "itemCode": "200",
    "title": "Gloves",
    "description": "Protective hand coverings used by medical staff to maintain hygiene and prevent contamination.",
    "category": "Consumable",
    "abcCategory": "C",
    "minStockLevel": 1000,
    "maxStockLevel": 5000,
    "createdBy": "67b1fdb293bfc8e17f896b31",
    "status": "active",
    "createdAt": "2025-02-19T12:42:59.839Z"
  },
  {
    "_id": "67b5d1d3965831513a85d8c7",
    "itemCode": "201",
    "title": "IV Drip",
    "description": "A method of delivering fluids, nutrients, or medications directly into a patient's veins.",
    "category": "Consumable",
    "abcCategory": "C",
    "minStockLevel": 300,
    "maxStockLevel": 2000,
    "createdBy": "67b1fdb293bfc8e17f896b31",
    "status": "active",
    "createdAt": "2025-02-19T12:42:59.839Z"
  },
  {
    "_id": "67b5d1d3965831513a85d8c8",
    "itemCode": "202",
    "title": "Surgical Mask",
    "description": "A disposable face mask that protects against airborne contaminants and reduces infection spread.",
    "category": "Consumable",
    "abcCategory": "C",
    "minStockLevel": 3000,
    "maxStockLevel": 15000,
    "createdBy": "67b1fdb293bfc8e17f896b31",
    "status": "active",
    "createdAt": "2025-02-19T12:42:59.839Z"
  },
  {
    "_id": "67b5d1d3965831513a85d8c9",
    "itemCode": "203",
    "title": "Gown",
    "description": "A protective garment worn by medical staff to prevent contamination and ensure a sterile environment.",
    "category": "Consumable",
    "abcCategory": "C",
    "minStockLevel": 500,
    "maxStockLevel": 3000,
    "createdBy": "67b1fdb293bfc8e17f896b31",
    "status": "active",
    "createdAt": "2025-02-19T12:42:59.839Z"
  },
  {
    "_id": "67b5d1d3965831513a85d8ca",
    "itemCode": "204",
    "title": "Face Shield",
    "description": "A transparent protective visor that guards against splashes, droplets, and airborne particles.",
    "category": "Consumable",
    "abcCategory": "C",
    "minStockLevel": 500,
    "maxStockLevel": 4000,
    "createdBy": "67b1fdb293bfc8e17f896b31",
    "status": "active",
    "createdAt": "2025-02-19T12:42:59.839Z"
  },
  {
    "_id": "67b5d1d3965831513a85d8cb",
    "itemCode": "205",
    "title": "Syringe",
    "description": "A medical instrument used to inject or withdraw fluids from the body.",
    "category": "Consumable",
    "abcCategory": "C",
    "minStockLevel": 1500,
    "maxStockLevel": 8000,
    "createdBy": "67b1fdb293bfc8e17f896b31",
    "status": "active",
    "createdAt": "2025-02-19T12:42:59.839Z"
  },
  {
    "_id": "67b5d1d3965831513a85d8cc",
    "itemCode": "206",
    "title": "Bandages",
    "description": "Sterile materials used to cover wounds and promote healing while preventing infections.",
    "category": "Consumable",
    "abcCategory": "C",
    "minStockLevel": 1000,
    "maxStockLevel": 6000,
    "createdBy": "67b1fdb293bfc8e17f896b31",
    "status": "active",
    "createdAt": "2025-02-19T12:42:59.839Z"
  },
  {
    "_id": "67b5d1d3965831513a85d8cd",
    "itemCode": "207",
    "title": "Blood Bags",
    "description": "Special containers designed for the collection, storage, and transfusion of blood.",
    "category": "Consumable",
    "abcCategory": "C",
    "minStockLevel": 300,
    "maxStockLevel": 1500,
    "createdBy": "67b1fdb293bfc8e17f896b31",
    "status": "active",
    "createdAt": "2025-02-19T12:42:59.839Z"
  },
  {
    "_id": "67b5d1d3965831513a85d8ce",
    "itemCode": "208",
    "title": "Antiseptic Solution",
    "description": "A liquid disinfectant used to cleanse wounds and prevent infections.",
    "category": "Consumable",
    "abcCategory": "C",
    "minStockLevel": 500,
    "maxStockLevel": 3000,
    "createdBy": "67b1fdb293bfc8e17f896b31",
    "status": "active",
    "createdAt": "2025-02-19T12:42:59.839Z"
  },
  {
    "_id": "67b5d1d3965831513a85d8cf",
    "itemCode": "209",
    "title": "Cotton Rolls",
    "description": "Soft, absorbent materials used in medical applications for wound care and cleaning.",
    "category": "Consumable",
    "abcCategory": "C",
    "minStockLevel": 300,
    "maxStockLevel": 2000,
    "createdBy": "67b1fdb293bfc8e17f896b31",
    "status": "active",
    "createdAt": "2025-02-19T12:42:59.839Z"
  }
]